time_ms,pitch,pitchRate,accelPitch,left,right
8368,-3.787,0.652,-4.503,0,0
8419,-3.812,0.873,-3.953,0,0
8470,-3.722,-2.547,-3.674,0,0
8521,-3.747,1.179,-3.698,0,0
8572,-3.807,-0.707,-4.821,0,0
8622,-3.836,-1.478,-3.63,0,0
8673,-3.809,1.247,-3.913,0,0
8724,-3.823,1.163,-3.984,0,0
8775,-3.839,-1.44,-4.362,0,0
8826,-3.788,0.27,-3.297,0,0
8878,-3.744,1.453,-2.794,0,0
8929,-3.747,-0.959,-4.122,0,0
8980,-3.786,0.95,-3.636,0,0
9031,-3.829,-0.867,-3.933,0,0
9082,-3.766,-3.318,-3.836,0,0
9132,-3.782,1.194,-3.808,0,0
9183,-3.77,1.179,-3.686,0,0
9234,-3.791,-0.653,-3.9,0,0
9285,-3.754,-0.119,-2.954,0,0
9336,-3.766,1.713,-3.766,0,0
9388,-3.806,1.995,-4.474,0,0
9439,-3.825,-1.417,-3.644,0,0
9490,-3.875,1.102,-3.627,0,0
9541,-3.828,-0.195,-4.649,0,0
9592,-3.865,-2.127,-4.321,0,0
9644,-3.809,1.156,-3.228,0,0
9695,-3.801,0.339,-4.201,0,0
9746,-3.802,0.179,-4.116,0,0
9797,-3.85,-1.447,-3.545,0,0
9848,-3.829,1.285,-4.03,0,0
9900,-3.796,1.301,-3.191,0,0
9951,-3.769,-2.318,-2.714,0,0
10002,-3.776,0.759,-4.261,0,0
10053,-3.759,0.881,-3.831,0,0
10104,-3.761,-0.852,-4.479,0,0
10156,-3.785,0.545,-3.501,0,0
10207,-3.855,-1.447,-4.19,0,0
10258,-3.808,-1.989,-4.155,0,0
10309,-3.801,1.675,-4.693,0,0
10360,-3.797,-2.05,-4.236,0,0
10412,-3.762,-1.455,-3.361,0,0
10464,-3.77,-1.249,-3.485,0,0
10515,-3.784,1.973,-3.807,0,0
10566,-3.778,1.591,-3.337,0,0
10617,-3.77,-0.142,-3.774,0,0
10667,-3.766,1.056,-3.325,0,0
10718,-3.716,-0.829,-3.996,0,0
10770,-3.747,0.881,-3.457,0,0
10821,-3.722,1.4,-3.898,0,0
10872,-3.674,4.018,-4.145,0,0
10924,-3.722,1.041,-3.127,0,0
10975,-3.666,2.423,-3.643,0,0
11027,-3.717,-1.86,-3.82,0,0
11078,-3.733,2.331,-3.196,0,0
11129,-3.776,-2.111,-4.314,0,0
11179,-3.763,1.331,-3.585,0,0
11230,-3.763,-0.066,-3.244,0,0
11282,-3.809,-1.302,-3.514,0,0
11333,-3.884,1.499,-4.159,0,0
11384,-3.77,-0.089,-2.879,0,0
11436,-3.745,2.576,-3.375,0,0
11487,-3.771,-0.951,-4.379,0,0
11539,-3.741,-1.791,-3.358,0,0
11590,-3.784,1.827,-4.142,0,0
11641,-3.786,-0.127,-3.98,0,0
11691,-3.775,-1.554,-2.982,0,0
11742,-3.773,1.835,-4.016,0,0
11794,-3.81,-0.257,-4.13,0,0
11845,-3.787,-0.486,-3.494,0,0
11896,-3.802,-1.623,-3.856,0,0
11948,-3.827,-2.058,-3.43,0,0
11999,-3.79,-1.34,-3.627,0,0
12050,-3.756,-1.76,-3.478,0,0
12100,-3.752,1.896,-3.646,0,0
12151,-3.823,-0.837,-4.379,0,0
12203,-3.774,0.194,-3.467,0,0
12254,-3.72,0.995,-3.502,0,0
12305,-3.75,-0.951,-4.708,0,0
12357,-3.765,0.927,-4.26,0,0
12408,-3.767,1.209,-3.768,0,0
12460,-3.797,0.087,-3.733,0,0
12511,-3.807,-0.127,-3.959,0,0
12562,-3.776,-0.814,-3.578,0,0
12614,-3.744,-0.745,-3.439,0,0
12665,-3.715,0.011,-4.438,0,0
12715,-3.769,-3.066,-3.947,0,0
12766,-3.855,-2.318,-4.139,0,0
12817,-3.854,2.133,-3.85,0,0
12868,-3.775,0.118,-4.307,0,0
12920,-3.752,0.461,-3.738,0,0
12972,-3.763,2.988,-4.275,0,0
13023,-3.833,-2.402,-3.928,0,0
13074,-3.776,1.064,-4.143,0,0
13125,-3.748,-0.287,-3.995,0,0
13177,-3.768,0.598,-3.986,0,0
13229,-3.748,0.179,-4.059,0,0
13280,-3.8,1.484,-3.163,0,0
13331,-3.788,0.484,-4.153,0,0
13382,-3.823,-0.257,-3.734,0,0
13433,-3.776,-2.699,-4.064,0,0
13484,-3.778,-2.371,-4.086,0,0
13535,-3.754,2.354,-3.876,0,0
13586,-3.78,2.637,-4.054,0,0
13637,-3.787,-1.234,-3.542,0,0
13688,-3.808,-0.867,-3.72,0,0
13741,-3.757,1.927,-3.428,0,0
13792,-3.846,0.927,-4.503,0,0
13843,-3.795,0.858,-3.409,0,0
13894,-3.784,-2.173,-4.527,0,0
13945,-3.84,1.69,-3.562,0,0
13996,-3.773,-1.707,-3.464,0,0
14047,-3.806,-0.371,-3.977,0,0
14098,-3.814,-0.6,-3.81,0,0
14149,-3.856,0.056,-3.866,0,0
14200,-3.81,2.263,-3.439,0,0
14252,-3.823,0.202,-4.241,0,0
14302,-3.837,0.347,-3.928,0,0
14353,-3.814,2.102,-4.088,0,0
14404,-3.827,4.331,-4.529,0,0
14455,-3.863,-1.096,-3.658,0,0
14507,-3.819,0.118,-3.129,0,0
14558,-3.865,0.385,-4.124,0,0
14608,-3.816,-0.05,-3.728,0,0
14659,-3.796,-0.417,-3.495,0,0
14710,-3.735,0.293,-3.907,0,0
14761,-3.787,-1.18,-3.778,0,0
14811,-3.803,2.453,-4.007,0,0
14862,-3.803,2.415,-4.214,0,0
14914,-3.786,0.156,-3.733,0,0
14965,-3.869,-0.111,-3.928,0,0
15016,-3.873,0.736,-3.838,0,0
15066,-3.844,1.102,-3.37,0,0
15117,-3.791,-1.424,-3.208,0,0
15168,-3.772,1.125,-3.512,0,0
15220,-3.842,-1.081,-3.728,0,0
15271,-3.796,-0.081,-3.92,0,0
15321,-3.794,-1.936,-4.343,0,0
15372,-3.78,0.583,-3.933,0,0
15423,-3.802,-1.043,-3.261,0,0
15474,-3.738,0.606,-3.413,0,0
15526,-3.729,-0.173,-3.608,0,0
15578,-3.775,-0.997,-3.313,0,0
15629,-3.818,-1.386,-3.486,0,0
15680,-3.849,1.713,-4.062,0,0
15731,-3.81,4.408,-3.911,0,0
15782,-3.887,-0.898,-3.634,0,0
15833,-3.785,5.308,-3.61,0,0
15884,-3.77,-3.234,-3.457,0,0
15935,-3.757,2.285,-4.016,0,0
15986,-3.757,-0.974,-4.227,0,0
16037,-3.793,-2.318,-3.866,0,0
16087,-3.79,-0.005,-3.575,0,0
16139,-3.743,2.377,-2.902,0,0
16190,-3.727,1.056,-4.171,0,0
16241,-3.809,-1.432,-4.416,0,0
16292,-3.824,-0.379,-3.958,0,0
16342,-3.767,-0.089,-3.597,0,0
16393,-3.773,2.591,-2.898,0,0
16445,-3.851,-1.234,-3.623,0,0
16496,-3.827,-0.043,-4.247,0,0
16547,-3.87,1.186,-4.038,0,0
16599,-3.811,0.285,-4.284,0,0
16650,-3.752,0.125,-3.158,0,0
16702,-3.778,-0.852,-3.779,0,0
16753,-3.733,2.217,-4.213,0,0
16804,-3.713,0.827,-3.87,0,0
16854,-3.728,-0.005,-3.896,0,0
16905,-3.795,-0.318,-3.79,0,0
16956,-3.799,0.209,-3.518,0,0
17008,-3.868,2.079,-3.771,0,0
17059,-3.809,-1.005,-3.938,0,0
17111,-3.824,-1.966,-3.622,0,0
17162,-3.809,-0.608,-3.421,0,0
17213,-3.769,-2.18,-3.314,0,0
17264,-3.787,-1.157,-4.472,0,0
17314,-3.765,-0.356,-3.45,0,0
17366,-3.78,-0.188,-4.017,0,0
17417,-3.728,-1.203,-4.416,0,0
17468,-3.73,-0.959,-3.743,0,0
17520,-3.734,0.637,-3.531,0,0
17571,-3.721,-4.035,-4.313,0,0
17623,-3.762,2.049,-4.173,0,0
17674,-3.777,-1.447,-3.401,0,0
17725,-3.822,-1.661,-3.888,0,0
17776,-3.811,2.408,-3.455,0,0
17826,-3.812,0.095,-3.731,0,0
17878,-3.864,0.354,-3.625,0,0
17929,-3.869,0.247,-3.788,0,0
17980,-3.806,0.988,-3.398,0,0
18031,-3.805,-1.402,-4.15,0,0
18082,-3.759,-0.776,-3.743,0,0
18132,-3.766,1.056,-3.68,0,0
18184,-3.8,0.881,-3.526,0,0
18235,-3.819,1.873,-3.75,0,0
18286,-3.785,-0.371,-3.446,0,0
18337,-3.787,0.637,-3.355,0,0
18388,-3.725,-0.012,-3.975,0,0
18439,-3.722,0.285,-3.429,0,0
18490,-3.749,0.202,-4.851,0,0
18541,-3.798,0.934,-4.288,0,0
18592,-3.764,0.102,-3.895,0,0
18643,-3.805,-0.043,-4.066,0,0
18693,-3.798,-0.913,-3.995,0,0
18744,-3.791,0.461,-4.07,0,0
18795,-3.762,-1.005,-4.317,0,0
18845,-3.786,2.4,-3.547,0,0
18896,-3.834,1.66,-4.054,0,0
18946,-3.795,-1.279,-3.322,0,0
18997,-3.835,1.461,-4.392,0,0
19048,-3.786,-0.707,-4.096,0,0
19099,-3.828,1.255,-3.792,0,0
19150,-3.819,1.53,-4.604,0,0
19200,-3.776,0.217,-3.685,0,0
19252,-3.837,-0.631,-3.833,0,0
19303,-3.833,-0.058,-4.25,0,0
19354,-3.808,0.278,-3.686,0,0
19405,-3.771,1.095,-4.315,0,0
19457,-3.758,1.682,-3.629,0,0
19508,-3.768,1.331,-3.771,0,0
19558,-3.79,-1.447,-4.072,0,0
19609,-3.806,-1.516,-3.388,0,0
19660,-3.802,-3.867,-3.578,0,0
19712,-3.858,0.667,-4.291,0,0
19763,-3.799,2.66,-3.891,0,0
19814,-3.797,-1.73,-3.324,0,0
19866,-3.898,-2.745,-4.023,0,0
19917,-3.91,2.4,-4.613,0,0
19969,-3.932,3.797,-3.745,0,0
20020,-3.868,-2.211,-3.02,0,0
20072,-3.809,-0.554,-3.576,0,0
20123,-3.846,2.522,-4.05,0,0
20174,-3.809,0.392,-3.533,0,0
20224,-3.719,1.56,-4.243,0,0
20275,-3.708,1.224,-2.76,0,0
20326,-3.738,2.392,-3.263,0,0
20377,-3.765,1.026,-3.859,0,0
20429,-3.792,-2.516,-3.267,0,0
20481,-3.81,2.667,-4.322,0,0
20532,-3.842,2.163,-3.926,0,0
20583,-3.878,-0.02,-3.612,0,0
20635,-3.817,-1.684,-3.508,0,0
20686,-3.782,-0.585,-3.658,0,0
20736,-3.778,0.637,-3.674,0,0
20787,-3.798,0.576,-3.827,0,0
20838,-3.817,1.072,-3.358,0,0
20889,-3.765,2.202,-3.709,0,0
20941,-3.744,-0.165,-3.522,0,0
20993,-3.725,1.782,-3.85,0,0
21044,-3.791,-0.402,-3.494,0,0
21095,-3.81,-1.394,-3.424,0,0
21146,-3.807,-0.783,-4.335,0,0
21197,-3.807,-2.089,-3.383,0,0
21248,-3.866,-2.737,-4.106,0,0
21299,-3.886,-1.035,-3.907,0,0
